<?xml version='1.0'?>
<home version='5500' exportFlags='17' name='rammed_earth_house_p1.sh3d' camera='topCamera' selectedLevel='level0' wallHeight='243.84'>
  <environment groundColor='00A8A8A8' skyColor='00CCE4FC' lightColor='00D0D0D0'/>
  <observerCamera attribute='observerCamera' lens='PINHOLE' x='186.92177' y='385.28955' z='170.0' yaw='6.2122035' pitch='0.118242435' fieldOfView='1.0995575' time='1538395200000'/>
  <camera attribute='topCamera' lens='PINHOLE' x='951.63214' y='-541.84955' z='965.41583' yaw='-43.772858' pitch='0.6207966' fieldOfView='1.0995575' time='1538395200000'/>
  <level id='level0' name='Ground Level' elevation='0.0' floorThickness='12.0' height='304.8' elevationIndex='0'/>
  <doorOrWindow level='level0' catalogId='eTeks#fixedWindow85x123' name='Fixed window' creator='eTeks' model='1' x='731.66895' y='320.23605' elevation='60.96' angle='1.7484555E-7' width='30.48' depth='30.48075' height='182.88' modelSize='2198' movable='false' cutOutShape='M0,0 v1 h1 v-1 z' wallCutOutOnBothSides='true'>
    <texture name='dark-walnut-wood' width='213.35999' height='213.35997' image='2'/>
  </doorOrWindow>
  <doorOrWindow level='level0' catalogId='eTeks#fixedWindow85x123' name='Fixed window' creator='eTeks' model='1' x='624.83997' y='152.4' elevation='60.96' angle='4.712389' width='60.96' depth='30.48075' height='182.88' modelSize='2198' movable='false' cutOutShape='M0,0 v1 h1 v-1 z' wallCutOutOnBothSides='true'>
    <texture name='dark-walnut-wood' width='213.35999' height='213.35997' image='2'/>
  </doorOrWindow>
  <doorOrWindow level='level0' catalogId='eTeks#fixedWindow85x123' name='Fixed window' creator='eTeks' model='1' x='786.8197' y='320.23605' elevation='60.96' angle='1.7484555E-7' width='30.48' depth='30.48075' height='182.88' modelSize='2198' movable='false' cutOutShape='M0,0 v1 h1 v-1 z' wallCutOutOnBothSides='true'>
    <texture name='dark-walnut-wood' width='213.35999' height='213.35997' image='2'/>
  </doorOrWindow>
  <doorOrWindow level='level0' catalogId='eTeks#fixedWindow85x123' name='Fixed window' creator='eTeks' model='1' x='676.5182' y='320.23605' elevation='60.96' angle='1.7484555E-7' width='30.48' depth='30.48075' height='182.88' modelSize='2198' movable='false' cutOutShape='M0,0 v1 h1 v-1 z' wallCutOutOnBothSides='true'>
    <texture name='dark-walnut-wood' width='213.35999' height='213.35997' image='2'/>
  </doorOrWindow>
  <doorOrWindow level='level0' catalogId='eTeks#fixedWindow85x123' name='Fixed window' creator='eTeks' model='1' x='624.83997' y='60.96' elevation='60.96' angle='4.712389' width='60.96' depth='30.48075' height='182.88' modelSize='2198' movable='false' cutOutShape='M0,0 v1 h1 v-1 z' wallCutOutOnBothSides='true'>
    <texture name='dark-walnut-wood' width='213.35999' height='213.35997' image='2'/>
  </doorOrWindow>
  <doorOrWindow level='level0' catalogId='eTeks#fixedWindow85x123' name='Fixed window' creator='eTeks' model='1' x='624.83997' y='243.84' elevation='60.96' angle='4.712389' width='60.96' depth='30.48075' height='182.88' modelSize='2198' movable='false' cutOutShape='M0,0 v1 h1 v-1 z' wallCutOutOnBothSides='true'>
    <texture name='dark-walnut-wood' width='213.35999' height='213.35997' image='2'/>
  </doorOrWindow>
  <doorOrWindow level='level0' catalogId='eTeks#fixedWindow85x123' name='Fixed window' creator='eTeks' model='1' x='867.64886' y='1008.26495' elevation='152.4' angle='3.1415927' width='60.96' depth='60.96075' height='60.96' modelSize='2198' movable='false' cutOutShape='M0,0 v1 h1 v-1 z' wallCutOutOnBothSides='true'>
    <texture name='dark-walnut-wood' width='213.35999' height='213.35997' image='2'/>
  </doorOrWindow>
  <doorOrWindow level='level0' catalogId='eTeks#fixedWindow85x123' name='Fixed window' creator='eTeks' model='1' x='1096.3966' y='1006.03613' elevation='152.4' angle='3.1415927' width='60.96' depth='60.96075' height='60.96' modelSize='2198' movable='false' cutOutShape='M0,0 v1 h1 v-1 z' wallCutOutOnBothSides='true'>
    <texture name='dark-walnut-wood' width='213.35999' height='213.35997' image='2'/>
  </doorOrWindow>
  <doorOrWindow level='level0' catalogId='eTeks#openDoor' name='Open door' creator='eTeks' model='4' x='1401.613' y='706.2439' angle='3.1415927' width='91.44' depth='67.945' height='213.36' modelSize='13917' movable='false' cutOutShape='M0,0 v1 h1 v-1 z' wallCutOutOnBothSides='true'>
    <texture name='dark-walnut-wood' width='213.35999' height='213.35997' image='2'/>
  </doorOrWindow>
  <doorOrWindow level='level0' catalogId='eTeks#fixedWindow85x123' name='Fixed window' creator='eTeks' model='1' x='1492.4652' y='541.49384' elevation='121.92' angle='1.5707964' width='121.92' depth='60.96075' height='121.92' modelSize='2198' movable='false' cutOutShape='M0,0 v1 h1 v-1 z' wallCutOutOnBothSides='true'>
    <texture name='dark-walnut-wood' width='213.35999' height='213.35997' image='2'/>
  </doorOrWindow>
  <doorOrWindow level='level0' catalogId='eTeks#fixedWindow85x123' name='Fixed window' creator='eTeks' model='1' x='1492.4652' y='168.32224' elevation='121.92' angle='1.5707964' width='121.92' depth='60.96075' height='121.92' modelSize='2198' movable='false' cutOutShape='M0,0 v1 h1 v-1 z' wallCutOutOnBothSides='true'>
    <texture name='dark-walnut-wood' width='213.35999' height='213.35997' image='2'/>
  </doorOrWindow>
  <doorOrWindow level='level0' catalogId='eTeks#fixedWindow85x123' name='Fixed window' creator='eTeks' model='1' x='1279.3772' y='-30.283916' elevation='121.92' width='121.92' depth='60.96075' height='121.92' modelSize='2198' movable='false' cutOutShape='M0,0 v1 h1 v-1 z' wallCutOutOnBothSides='true'>
    <texture name='dark-walnut-wood' width='213.35999' height='213.35997' image='2'/>
  </doorOrWindow>
  <doorOrWindow level='level0' catalogId='eTeks#fixedWindow85x123' name='Fixed window' creator='eTeks' model='1' x='800.20764' y='-30.283916' elevation='121.92' width='121.92' depth='60.96075' height='121.92' modelSize='2198' movable='false' cutOutShape='M0,0 v1 h1 v-1 z' wallCutOutOnBothSides='true'>
    <texture name='dark-walnut-wood' width='213.35999' height='213.35997' image='2'/>
  </doorOrWindow>
  <doorOrWindow level='level0' catalogId='eTeks#openDoor' name='Open door' creator='eTeks' model='4' x='548.5394' y='28.49849' width='101.6' depth='75.494446' height='213.36' modelSize='13917' movable='false' cutOutShape='M0,0 v1 h1 v-1 z' wallCutOutOnBothSides='true'>
    <texture name='dark-walnut-wood' width='213.35999' height='213.35997' image='2'/>
  </doorOrWindow>
  <doorOrWindow level='level0' catalogId='eTeks#fixedWindow85x123' name='Fixed window' creator='eTeks' model='1' x='228.59999' y='-30.283916' elevation='182.88' width='243.84' depth='60.96075' height='60.96' modelSize='2198' movable='false' cutOutShape='M0,0 v1 h1 v-1 z' wallCutOutOnBothSides='true'>
    <texture name='dark-walnut-wood' width='213.35999' height='213.35997' image='2'/>
  </doorOrWindow>
  <doorOrWindow level='level0' catalogId='eTeks#fixedWindow85x123' name='Fixed window' creator='eTeks' model='1' x='-28.721546' y='243.84' elevation='91.44' angle='4.712389' width='213.36' depth='60.96075' height='152.4' modelSize='2198' movable='false' cutOutShape='M0,0 v1 h1 v-1 z' wallCutOutOnBothSides='true'>
    <texture name='dark-walnut-wood' width='213.35999' height='213.35997' image='2'/>
  </doorOrWindow>
  <doorOrWindow level='level0' catalogId='eTeks#fixedWindow85x123' name='Fixed window' creator='eTeks' model='1' x='-28.721546' y='731.52' elevation='91.44' angle='4.712389' width='213.36' depth='60.96075' height='152.4' modelSize='2198' movable='false' cutOutShape='M0,0 v1 h1 v-1 z' wallCutOutOnBothSides='true'>
    <texture name='dark-walnut-wood' width='213.35999' height='213.35997' image='2'/>
  </doorOrWindow>
  <doorOrWindow level='level0' catalogId='eTeks#fixedWindow85x123' name='Fixed window' creator='eTeks' model='1' x='243.89699' y='1006.0361' elevation='152.4' angle='1.7484555E-7' width='243.84' depth='60.96075' height='60.96' modelSize='2198' movable='false' cutOutShape='M0,0 v1 h1 v-1 z' wallCutOutOnBothSides='true'>
    <texture name='dark-walnut-wood' width='213.35999' height='213.35997' image='2'/>
  </doorOrWindow>
  <doorOrWindow level='level0' catalogId='eTeks#doorFrame' name='Door frame' creator='eTeks' model='6' x='594.36' y='1006.13763' angle='1.7484555E-7' width='213.36' depth='77.419945' height='213.36' modelSize='1281' movable='false' cutOutShape='M0,0 v1 h1 v-1 z' wallCutOutOnBothSides='true'>
    <texture name='dark-walnut-wood' width='213.35999' height='213.35997' image='2'/>
  </doorOrWindow>
  <doorOrWindow level='level0' catalogId='eTeks#openDoor' name='Open door' creator='eTeks' model='4' x='883.9199' y='706.2439' angle='3.1415927' width='91.44' depth='67.945' height='213.36' modelSize='13917' movable='false' cutOutShape='M0,0 v1 h1 v-1 z' wallCutOutOnBothSides='true'>
    <texture name='dark-walnut-wood' width='213.35999' height='213.35997' image='2'/>
  </doorOrWindow>
  <doorOrWindow level='level0' catalogId='eTeks#openDoor' name='Open door' creator='eTeks' model='4' x='1036.4341' y='706.2439' angle='3.1415927' width='91.44' depth='67.945' height='213.36' modelMirrored='true' modelSize='13917' movable='false' cutOutShape='M0,0 v1 h1 v-1 z' wallCutOutOnBothSides='true'>
    <texture name='dark-walnut-wood' width='213.35999' height='213.35997' image='2'/>
  </doorOrWindow>
  <doorOrWindow level='level0' catalogId='eTeks#openDoor' name='Open door' creator='eTeks' model='4' x='1031.24' y='391.46075' width='91.44' depth='67.945' height='213.36' modelSize='13917' movable='false' cutOutShape='M0,0 v1 h1 v-1 z' wallCutOutOnBothSides='true'>
    <texture name='dark-walnut-wood' width='213.35999' height='213.35997' image='2'/>
  </doorOrWindow>
  <doorOrWindow level='level0' catalogId='eTeks#openDoor' name='Open door' creator='eTeks' model='4' x='1137.9922' y='289.67398' angle='4.712389' width='91.44' depth='67.945' height='213.36' modelSize='13917' movable='false' cutOutShape='M0,0 v1 h1 v-1 z' wallCutOutOnBothSides='true'>
    <texture name='dark-walnut-wood' width='213.35999' height='213.35997' image='2'/>
  </doorOrWindow>
  <doorOrWindow level='level0' catalogId='eTeks#openDoor' name='Open door' creator='eTeks' model='4' x='904.2399' y='188.08395' angle='3.1415927' width='91.44' depth='67.945' height='213.36' modelSize='13917' movable='false' cutOutShape='M0,0 v1 h1 v-1 z' wallCutOutOnBothSides='true'>
    <texture name='dark-walnut-wood' width='213.35999' height='213.35997' image='2'/>
  </doorOrWindow>
  <doorOrWindow level='level0' catalogId='eTeks#fixedWindow85x123' name='Fixed window' creator='eTeks' model='1' x='137.16' y='1006.0361' elevation='304.8' angle='1.7484555E-7' width='243.84' depth='60.96075' height='60.96' modelSize='2198' movable='false' cutOutShape='M0,0 v1 h1 v-1 z' wallCutOutOnBothSides='true'>
    <texture name='dark-walnut-wood' width='213.35999' height='213.35997' image='2'/>
  </doorOrWindow>
  <doorOrWindow level='level0' catalogId='eTeks#fixedWindow85x123' name='Fixed window' creator='eTeks' model='1' x='624.83997' y='1006.03613' elevation='304.8' angle='3.1415927' width='243.84' depth='60.96075' height='60.96' modelSize='2198' movable='false' cutOutShape='M0,0 v1 h1 v-1 z' wallCutOutOnBothSides='true'>
    <texture name='dark-walnut-wood' width='213.35999' height='213.35997' image='2'/>
  </doorOrWindow>
  <doorOrWindow level='level0' catalogId='eTeks#fixedWindow85x123' name='Fixed window' creator='eTeks' model='1' x='867.7274' y='1006.03613' elevation='304.8' angle='3.1415927' width='60.96' depth='60.96075' height='60.96' modelSize='2198' movable='false' cutOutShape='M0,0 v1 h1 v-1 z' wallCutOutOnBothSides='true'>
    <texture name='dark-walnut-wood' width='213.35999' height='213.35997' image='2'/>
  </doorOrWindow>
  <doorOrWindow level='level0' catalogId='eTeks#fixedWindow85x123' name='Fixed window' creator='eTeks' model='1' x='1096.3275' y='1006.03613' elevation='304.8' angle='3.1415927' width='60.96' depth='60.96075' height='60.96' modelSize='2198' movable='false' cutOutShape='M0,0 v1 h1 v-1 z' wallCutOutOnBothSides='true'>
    <texture name='dark-walnut-wood' width='213.35999' height='213.35997' image='2'/>
  </doorOrWindow>
  <pieceOfFurniture level='level0' name='Japanese Bed Frame' creator='Jon Lamb' model='11/bed_frame.obj' x='1264.9199' y='487.68' width='237.1725' depth='232.0925' height='33.02' modelRotation='0 0 1 0 1 0 -1 0 0' modelSize='37716'>
    <texture name='Pine Wood' creator='' width='304.8' height='186.92812' image='12'/>
  </pieceOfFurniture>
  <pieceOfFurniture level='level0' name='Wood Coffee Table' creator='Jon Lamb' model='14/coffee_table.obj' x='228.59999' y='121.92' width='208.28' depth='80.01' height='48.26' modelSize='4163'>
    <texture name='Pine Wood' creator='' width='304.8' height='186.92812' image='12'/>
  </pieceOfFurniture>
  <pieceOfFurniture level='level0' name='Wood Couch' creator='Jon Lamb' model='16/couch.obj' x='228.59999' y='320.03998' angle='3.1415927' width='274.32' depth='123.825' height='76.2' modelSize='104570'>
    <texture name='Pine Wood' creator='' width='304.8' height='186.92812' image='12'/>
  </pieceOfFurniture>
  <pieceOfFurniture level='level0' name='Wall Flat TV' model='18/wall-flat-tv.obj' x='228.59999' y='5.639349' elevation='88.899994' width='182.88' depth='10.88578' height='91.44' modelSize='37406'/>
  <pieceOfFurniture level='level0' name='Wall Flat TV' model='18/wall-flat-tv.obj' x='1234.44' y='726.31854' elevation='121.92' angle='3.1415927' width='102.869995' depth='10.795' height='65.722496' modelSize='37406'/>
  <pieceOfFurniture level='level0' catalogId='eTeks#fridgeFreezer' name='Fridge &amp; Freezer' creator='eTeks' model='20' x='39.841137' y='942.5361' angle='3.1415927' width='59.69' depth='66.04' height='185.42' modelSize='27608'/>
  <pieceOfFurniture level='level0' name='Large Stove' model='22/largeStove.obj' x='399.938' y='945.07605' angle='3.1415927' width='103.915955' depth='60.96' height='101.6' modelSize='2306259'/>
  <pieceOfFurniture level='level0' name='Cabinet with Basin' model='24/cabinetWithBasin.obj' x='210.82' y='945.07605' angle='3.1415927' width='91.44' depth='60.96' height='116.84' modelSize='21378'/>
  <pieceOfFurniture level='level0' name='Cabinet with Glass' model='26/pensileVetro.obj' x='302.26' y='945.07605' angle='3.1415927' width='91.44' depth='60.96' height='101.6' modelSize='4975'/>
  <pieceOfFurniture level='level0' name='Cabinet with Glass' model='26/pensileVetro.obj' x='119.380005' y='945.07605' angle='3.1415927' width='91.44' depth='60.96' height='101.6' modelSize='4975'/>
  <pieceOfFurniture level='level0' catalogId='Geantick#table' name='Table' creator='Geantick' model='28' x='731.52' y='264.16' width='171.13249' depth='70.485' height='73.9775' modelSize='32023'/>
  <wall id='wall0' level='level0' wallAtStart='wall7' wallAtEnd='wall1' xStart='1492.4652' yStart='-30.283916' xEnd='1492.4652' yEnd='762.19604' height='304.8' heightAtEnd='381.0' thickness='60.96' pattern='hatchUp'>
    <texture attribute='leftSideTexture' name='Rammed-Earth-Texture' width='1219.2' height='306.88977' image='30'/>
    <texture attribute='rightSideTexture' name='Rammed-Earth-Texture' width='1219.2' height='306.88977' image='30'/>
  </wall>
  <wall id='wall1' level='level0' wallAtStart='wall0' wallAtEnd='wall2' xStart='1492.4652' yStart='762.19604' xEnd='1248.6252' yEnd='762.19604' height='381.0' thickness='60.96' pattern='hatchUp'>
    <texture attribute='leftSideTexture' name='Rammed-Earth-Texture' width='1219.2' height='306.88977' image='30'/>
    <texture attribute='rightSideTexture' name='Rammed-Earth-Texture' width='1219.2' height='306.88977' image='30'/>
  </wall>
  <wall id='wall2' level='level0' wallAtStart='wall1' wallAtEnd='wall3' xStart='1248.6252' yStart='762.19604' xEnd='1248.6252' yEnd='1006.0361' height='381.0' heightAtEnd='419.09998' thickness='60.96' pattern='hatchUp'>
    <texture attribute='leftSideTexture' name='Rammed-Earth-Texture' width='1219.2' height='306.88977' image='30'/>
    <texture attribute='rightSideTexture' name='Rammed-Earth-Texture' width='1219.2' height='306.88977' image='30'/>
  </wall>
  <wall id='wall3' level='level0' wallAtStart='wall2' wallAtEnd='wall4' xStart='1248.6252' yStart='1006.0361' xEnd='-28.721546' yEnd='1006.0361' height='419.09998' thickness='60.96' pattern='hatchUp'>
    <texture attribute='leftSideTexture' name='Rammed-Earth-Texture' width='1219.2' height='306.88977' image='30'/>
    <texture attribute='rightSideTexture' name='Rammed-Earth-Texture' width='1219.2' height='306.88977' image='30'/>
  </wall>
  <wall id='wall4' level='level0' wallAtStart='wall3' wallAtEnd='wall6' xStart='-28.721546' yStart='1006.0361' xEnd='-28.721546' yEnd='-30.283916' height='419.09998' heightAtEnd='304.8' thickness='60.96' pattern='hatchUp'>
    <texture attribute='leftSideTexture' name='Rammed-Earth-Texture' width='1219.2' height='306.88977' image='30'/>
    <texture attribute='rightSideTexture' name='Rammed-Earth-Texture' width='1219.2' height='306.88977' image='30'/>
  </wall>
  <wall id='wall5' level='level0' xStart='472.43997' yStart='0.0' xEnd='472.43997' yEnd='487.68005' height='304.8' heightAtEnd='332.74' thickness='30.48' pattern='hatchUp'>
    <texture attribute='leftSideTexture' name='Rammed-Earth-Texture' width='1219.2' height='306.88977' image='30'/>
    <texture attribute='rightSideTexture' name='Rammed-Earth-Texture' width='1219.2' height='306.88977' image='30'/>
  </wall>
  <wall id='wall6' level='level0' wallAtStart='wall4' wallAtEnd='wall7' xStart='-28.721546' yStart='-30.283916' xEnd='457.85626' yEnd='-30.283916' height='304.8' thickness='60.96' pattern='hatchUp'>
    <texture attribute='leftSideTexture' name='Rammed-Earth-Texture' width='1219.2' height='306.88977' image='30'/>
    <texture attribute='rightSideTexture' name='Rammed-Earth-Texture' width='1219.2' height='306.88977' image='30'/>
  </wall>
  <wall id='wall7' level='level0' wallAtStart='wall6' wallAtEnd='wall0' xStart='457.85626' yStart='-30.283916' xEnd='1492.4652' yEnd='-30.283916' height='304.8' thickness='60.96' pattern='hatchUp'>
    <texture attribute='leftSideTexture' name='Rammed-Earth-Texture' width='1219.2' height='306.88977' image='30'/>
    <texture attribute='rightSideTexture' name='Rammed-Earth-Texture' width='1219.2' height='306.88977' image='30'/>
  </wall>
  <wall id='wall8' level='level0' wallAtEnd='wall9' xStart='975.36' yStart='0.19608307' xEnd='975.36' yEnd='228.79607' height='304.8' thickness='30.48' pattern='hatchUp'>
    <texture attribute='leftSideTexture' name='Rammed-Earth-Texture' width='1219.2' height='306.88977' image='30'/>
    <texture attribute='rightSideTexture' name='Rammed-Earth-Texture' width='1219.2' height='306.88977' image='30'/>
  </wall>
  <wall id='wall9' level='level0' wallAtStart='wall8' wallAtEnd='wall10' xStart='975.36' yStart='228.79607' xEnd='838.19995' yEnd='228.79607' height='304.8' thickness='30.48' pattern='hatchUp'>
    <texture attribute='leftSideTexture' name='Rammed-Earth-Texture' width='1219.2' height='306.88977' image='30'/>
    <texture attribute='rightSideTexture' name='Rammed-Earth-Texture' width='1219.2' height='306.88977' image='30'/>
  </wall>
  <wall id='wall10' level='level0' wallAtStart='wall9' wallAtEnd='wall11' xStart='838.19995' yStart='228.79607' xEnd='838.19995' yEnd='320.23605' height='304.8' thickness='30.48' pattern='hatchUp'>
    <texture attribute='leftSideTexture' name='Rammed-Earth-Texture' width='1219.2' height='306.88977' image='30'/>
    <texture attribute='rightSideTexture' name='Rammed-Earth-Texture' width='1219.2' height='306.88977' image='30'/>
  </wall>
  <wall id='wall11' level='level0' wallAtStart='wall10' wallAtEnd='wall12' xStart='838.19995' yStart='320.23605' xEnd='624.83997' yEnd='320.23605' height='304.8' thickness='30.48' pattern='hatchUp'>
    <texture attribute='leftSideTexture' name='Rammed-Earth-Texture' width='1219.2' height='306.88977' image='30'/>
    <texture attribute='rightSideTexture' name='Rammed-Earth-Texture' width='1219.2' height='306.88977' image='30'/>
  </wall>
  <wall id='wall12' level='level0' wallAtStart='wall11' xStart='624.83997' yStart='320.23605' xEnd='624.83997' yEnd='0.19608307' height='304.8' thickness='30.48' pattern='hatchUp'>
    <texture attribute='leftSideTexture' name='Rammed-Earth-Texture' width='1219.2' height='306.88977' image='30'/>
    <texture attribute='rightSideTexture' name='Rammed-Earth-Texture' width='1219.2' height='306.88977' image='30'/>
  </wall>
  <wall id='wall13' level='level0' wallAtEnd='wall14' xStart='1461.9852' yStart='350.74863' xEnd='1097.28' yEnd='350.71603' height='304.8' thickness='30.48' pattern='hatchUp'>
    <texture attribute='leftSideTexture' name='Rammed-Earth-Texture' width='1219.2' height='306.88977' image='30'/>
    <texture attribute='rightSideTexture' name='Rammed-Earth-Texture' width='1219.2' height='306.88977' image='30'/>
  </wall>
  <wall id='wall14' level='level0' wallAtStart='wall13' wallAtEnd='wall15' xStart='1097.28' yStart='350.71603' xEnd='1097.28' yEnd='228.79607' height='304.8' thickness='30.48' pattern='hatchUp'>
    <texture attribute='leftSideTexture' name='Rammed-Earth-Texture' width='1219.2' height='306.88977' image='30'/>
    <texture attribute='rightSideTexture' name='Rammed-Earth-Texture' width='1219.2' height='306.88977' image='30'/>
  </wall>
  <wall id='wall15' level='level0' wallAtStart='wall14' xStart='1097.28' yStart='228.79607' xEnd='990.6' yEnd='228.79607' height='304.8' thickness='30.48' pattern='hatchUp'>
    <texture attribute='leftSideTexture' name='Rammed-Earth-Texture' width='1219.2' height='306.88977' image='30'/>
    <texture attribute='rightSideTexture' name='Rammed-Earth-Texture' width='1219.2' height='306.88977' image='30'/>
  </wall>
  <wall id='wall16' level='level0' wallAtEnd='wall17' xStart='1218.1453' yStart='746.95605' xEnd='959.0639' yEnd='746.95605' height='381.0' thickness='30.48' pattern='hatchUp'>
    <texture attribute='leftSideTexture' name='Rammed-Earth-Texture' width='1219.2' height='306.88977' image='30'/>
    <texture attribute='rightSideTexture' name='Rammed-Earth-Texture' width='1219.2' height='306.88977' image='30'/>
  </wall>
  <wall id='wall17' level='level0' wallAtStart='wall16' wallAtEnd='wall18' xStart='959.0639' yStart='746.95605' xEnd='959.0639' yEnd='350.74863' height='381.0' heightAtEnd='304.8' thickness='30.48' pattern='hatchUp'>
    <texture attribute='leftSideTexture' name='Rammed-Earth-Texture' width='1219.2' height='306.88977' image='30'/>
    <texture attribute='rightSideTexture' name='Rammed-Earth-Texture' width='1219.2' height='306.88977' image='30'/>
  </wall>
  <wall id='wall18' level='level0' wallAtStart='wall17' xStart='959.0639' yStart='350.74863' xEnd='1082.04' yEnd='350.74863' height='304.8' thickness='30.48' pattern='hatchUp'>
    <texture attribute='leftSideTexture' name='Rammed-Earth-Texture' width='1219.2' height='306.88977' image='30'/>
    <texture attribute='rightSideTexture' name='Rammed-Earth-Texture' width='1219.2' height='306.88977' image='30'/>
  </wall>
  <wall id='wall19' level='level0' xStart='959.0639' yStart='975.5561' xEnd='959.0639' yEnd='762.19604' height='419.09998' heightAtEnd='381.0' thickness='30.48' pattern='hatchUp'>
    <texture attribute='leftSideTexture' name='Rammed-Earth-Texture' width='1219.2' height='306.88977' image='30'/>
    <texture attribute='rightSideTexture' name='Rammed-Earth-Texture' width='1219.2' height='306.88977' image='30'/>
  </wall>
  <wall id='wall20' level='level0' wallAtEnd='wall21' xStart='776.18396' yStart='975.5561' xEnd='776.18396' yEnd='746.95605' height='419.09998' heightAtEnd='381.0' thickness='30.48' pattern='hatchUp'>
    <texture attribute='leftSideTexture' name='Rammed-Earth-Texture' width='1219.2' height='306.88977' image='30'/>
    <texture attribute='rightSideTexture' name='Rammed-Earth-Texture' width='1219.2' height='306.88977' image='30'/>
  </wall>
  <wall id='wall21' level='level0' wallAtStart='wall20' xStart='776.18396' yStart='746.95605' xEnd='943.8239' yEnd='746.95605' height='381.0' thickness='30.48' pattern='hatchUp'>
    <texture attribute='leftSideTexture' name='Rammed-Earth-Texture' width='1219.2' height='306.88977' image='30'/>
    <texture attribute='rightSideTexture' name='Rammed-Earth-Texture' width='1219.2' height='306.88977' image='30'/>
  </wall>
  <room level='level0' areaVisible='true'>
    <texture attribute='floorTexture' name='Cork' width='243.84' height='243.84' image='29'/>
    <texture attribute='ceilingTexture' name='wood-planks' width='243.84' height='243.84' image='9'/>
    <point x='457.19998' y='0.19608307'/>
    <point x='457.19998' y='487.68005'/>
    <point x='1.7584534' y='487.68008'/>
    <point x='1.7584534' y='0.19608307'/>
  </room>
  <room level='level0' areaVisible='true'>
    <texture attribute='floorTexture' name='Cork' width='243.84' height='243.84' image='29'/>
    <texture attribute='ceilingTexture' name='wood-planks' width='243.84' height='243.84' image='9'/>
    <point x='640.07996' y='0.19608307'/>
    <point x='640.07996' y='304.99606'/>
    <point x='822.95996' y='304.99606'/>
    <point x='822.95996' y='213.55606'/>
    <point x='960.12' y='213.55606'/>
    <point x='960.12' y='0.19608307'/>
  </room>
  <room level='level0' areaVisible='true'>
    <texture attribute='floorTexture' name='Cork' width='243.84' height='243.84' image='29'/>
    <texture attribute='ceilingTexture' name='wood-planks' width='243.84' height='243.84' image='9'/>
    <point x='609.6' y='0.19608307'/>
    <point x='487.67996' y='0.19608307'/>
    <point x='487.67996' y='335.47604'/>
    <point x='609.6' y='335.47604'/>
  </room>
  <room level='level0' areaVisible='true'>
    <texture attribute='floorTexture' name='Cork' width='243.84' height='243.84' image='29'/>
    <texture attribute='ceilingTexture' name='wood-planks' width='243.84' height='243.84' image='9'/>
    <point x='990.6' y='0.19608307'/>
    <point x='990.6' y='213.55606'/>
    <point x='1112.52' y='213.55606'/>
    <point x='1112.52' y='335.47604'/>
    <point x='1462.177' y='335.47604'/>
    <point x='1461.9852' y='0.19608307'/>
  </room>
  <room level='level0' areaVisible='true'>
    <texture attribute='floorTexture' name='Cork' width='243.84' height='243.84' image='29'/>
    <texture attribute='ceilingTexture' name='wood-planks' width='243.84' height='243.84' image='9'/>
    <point x='853.43994' y='335.47604'/>
    <point x='853.43994' y='244.03607'/>
    <point x='1082.04' y='244.03607'/>
    <point x='1082.04' y='335.47742'/>
  </room>
  <room level='level0' areaVisible='true'>
    <texture attribute='floorTexture' name='Cork' width='243.84' height='243.84' image='29'/>
    <texture attribute='ceilingTexture' name='wood-planks' width='243.84' height='243.84' image='9'/>
    <point x='1461.9839' y='365.98862'/>
    <point x='974.3039' y='365.98862'/>
    <point x='974.3039' y='731.71606'/>
    <point x='1461.9852' y='731.71606'/>
  </room>
  <room level='level0' areaVisible='true'>
    <texture attribute='floorTexture' name='Cork' width='243.84' height='243.84' image='29'/>
    <texture attribute='ceilingTexture' name='wood-planks' width='243.84' height='243.84' image='9'/>
    <point x='1218.1453' y='762.19604'/>
    <point x='974.3039' y='762.19604'/>
    <point x='974.3039' y='975.5561'/>
    <point x='1218.3369' y='975.5561'/>
  </room>
  <room level='level0' areaVisible='true'>
    <texture attribute='floorTexture' name='Cork' width='243.84' height='243.84' image='29'/>
    <texture attribute='ceilingTexture' name='wood-planks' width='243.84' height='243.84' image='9'/>
    <point x='943.8239' y='975.5561'/>
    <point x='943.8239' y='762.19604'/>
    <point x='791.42395' y='762.19604'/>
    <point x='791.42395' y='975.5561'/>
  </room>
  <room level='level0' areaVisible='true'>
    <texture attribute='floorTexture' name='Cork' width='243.84' height='243.84' image='29'/>
    <texture attribute='ceilingTexture' name='wood-planks' width='243.84' height='243.84' image='9'/>
    <point x='1.7584534' y='975.5561'/>
    <point x='1.7584534' y='487.68008'/>
    <point x='487.67996' y='487.68005'/>
    <point x='487.67993' y='975.5561'/>
  </room>
  <room level='level0' areaVisible='true'>
    <texture attribute='floorTexture' name='Cork' width='243.84' height='243.84' image='29'/>
    <texture attribute='ceilingTexture' name='wood-planks' width='243.84' height='243.84' image='9'/>
    <point x='487.67996' y='335.47604'/>
    <point x='487.67993' y='975.5561'/>
    <point x='760.944' y='975.5561'/>
    <point x='760.944' y='731.71606'/>
    <point x='943.8239' y='731.71606'/>
    <point x='943.8239' y='335.50864'/>
  </room>
  <room level='level0' ceilingVisible='false'>
    <texture attribute='floorTexture' name='cork-flooring' width='243.84' height='243.84' image='29'/>
    <point x='951.54474' y='244.03607'/>
    <point x='860.10474' y='244.03607'/>
    <point x='860.10474' y='213.55606'/>
    <point x='951.54474' y='213.55606'/>
  </room>
  <room level='level0'>
    <texture attribute='floorTexture' name='cork-flooring' width='243.84' height='243.84' image='29'/>
    <point x='1112.52' y='244.03607'/>
    <point x='1112.52' y='335.47604'/>
    <point x='1082.04' y='335.47742'/>
    <point x='1082.04' y='244.03607'/>
  </room>
  <room level='level0'>
    <texture attribute='floorTexture' name='cork-flooring' width='243.84' height='243.84' image='29'/>
    <point x='1076.3582' y='365.95468'/>
    <point x='986.1882' y='365.95468'/>
    <point x='986.1882' y='335.50864'/>
    <point x='1076.3582' y='335.50864'/>
  </room>
  <room level='level0'>
    <texture attribute='floorTexture' name='cork-flooring' width='243.84' height='243.84' image='29'/>
    <point x='838.61835' y='762.19604'/>
    <point x='838.61835' y='732.986'/>
    <point x='931.32837' y='732.986'/>
    <point x='931.32837' y='762.19604'/>
  </room>
  <room level='level0'>
    <texture attribute='floorTexture' name='cork-flooring' width='243.84' height='243.84' image='29'/>
    <point x='990.6' y='762.19604'/>
    <point x='990.6' y='731.71606'/>
    <point x='1082.04' y='731.71606'/>
    <point x='1082.04' y='762.19604'/>
  </room>
  <room level='level0' floorColor='FF939393' ceilingVisible='false'>
    <point x='1357.6836' y='792.676'/>
    <point x='1357.6836' y='731.716'/>
    <point x='1447.8536' y='731.716'/>
    <point x='1447.8536' y='792.676'/>
  </room>
  <room level='level0' floorColor='FF6C6C6C' ceilingVisible='false'>
    <point x='497.85797' y='-60.763916'/>
    <point x='497.85797' y='-9.331809E-16'/>
    <point x='600.72797' y='-9.331809E-16'/>
    <point x='600.72797' y='-60.763916'/>
  </room>
  <room level='level0' floorColor='FF929292' ceilingVisible='false'>
    <point x='487.67993' y='975.5561'/>
    <point x='487.67993' y='1036.5161'/>
    <point x='701.0399' y='1036.5161'/>
    <point x='701.0399' y='975.5561'/>
  </room>
</home>