<?xml version='1.0'?>
<home version='5500' exportFlags='17' name='rammed-earth-house-p2.sh3d' camera='observerCamera' selectedLevel='level0' wallHeight='243.84'>
  <environment groundColor='00A8A8A8' skyColor='00CCE4FC' lightColor='00D0D0D0'>
    <observerCamera attribute='cameraPath' lens='PINHOLE' x='935.54333' y='108.75141' z='170.0' yaw='6.7317605' pitch='0.00824251' fieldOfView='1.0995575' time='1538395200000'/>
    <observerCamera attribute='cameraPath' lens='PINHOLE' x='1018.167' y='341.13037' z='170.0' yaw='6.7317605' pitch='0.00824251' fieldOfView='1.0995575' time='1538395200000'/>
    <observerCamera attribute='cameraPath' lens='PINHOLE' x='690.25446' y='653.55096' z='170.0' yaw='6.7317605' pitch='0.00824251' fieldOfView='1.0995575' time='1538395200000'/>
  </environment>
  <observerCamera attribute='observerCamera' lens='PINHOLE' x='571.178' y='-969.4858' z='169.99991' yaw='6.2848268' pitch='0.06483526' fieldOfView='1.0995575' time='1538395200000'/>
  <camera attribute='topCamera' lens='PINHOLE' x='727.0457' y='2451.5894' z='826.4629' yaw='-59.687798' pitch='0.30499998' fieldOfView='1.0995575' time='1538395200000'/>
  <level id='level0' name='Ground Level' elevation='0.0' floorThickness='12.0' height='304.8' elevationIndex='0'/>
  <doorOrWindow level='level0' catalogId='eTeks#fixedWindow85x123' name='Fixed window' creator='eTeks' model='1' x='731.66895' y='320.23605' elevation='60.96' angle='1.7484555E-7' width='30.48' depth='30.48075' height='182.88' modelSize='2198' movable='false' cutOutShape='M0,0 v1 h1 v-1 z' wallCutOutOnBothSides='true'>
    <texture name='dark-walnut-wood' width='213.35999' height='213.35997' image='2'/>
  </doorOrWindow>
  <doorOrWindow level='level0' catalogId='eTeks#fixedWindow85x123' name='Fixed window' creator='eTeks' model='1' x='624.83997' y='152.4' elevation='60.96' angle='4.712389' width='60.96' depth='30.48075' height='182.88' modelSize='2198' movable='false' cutOutShape='M0,0 v1 h1 v-1 z' wallCutOutOnBothSides='true'>
    <texture name='dark-walnut-wood' width='213.35999' height='213.35997' image='2'/>
  </doorOrWindow>
  <doorOrWindow level='level0' catalogId='eTeks#fixedWindow85x123' name='Fixed window' creator='eTeks' model='1' x='786.8197' y='320.23605' elevation='60.96' angle='1.7484555E-7' width='30.48' depth='30.48075' height='182.88' modelSize='2198' movable='false' cutOutShape='M0,0 v1 h1 v-1 z' wallCutOutOnBothSides='true'>
    <texture name='dark-walnut-wood' width='213.35999' height='213.35997' image='2'/>
  </doorOrWindow>
  <doorOrWindow level='level0' catalogId='eTeks#fixedWindow85x123' name='Fixed window' creator='eTeks' model='1' x='676.5182' y='320.23605' elevation='60.96' angle='1.7484555E-7' width='30.48' depth='30.48075' height='182.88' modelSize='2198' movable='false' cutOutShape='M0,0 v1 h1 v-1 z' wallCutOutOnBothSides='true'>
    <texture name='dark-walnut-wood' width='213.35999' height='213.35997' image='2'/>
  </doorOrWindow>
  <doorOrWindow level='level0' catalogId='eTeks#fixedWindow85x123' name='Fixed window' creator='eTeks' model='1' x='624.83997' y='60.96' elevation='60.96' angle='4.712389' width='60.96' depth='30.48075' height='182.88' modelSize='2198' movable='false' cutOutShape='M0,0 v1 h1 v-1 z' wallCutOutOnBothSides='true'>
    <texture name='dark-walnut-wood' width='213.35999' height='213.35997' image='2'/>
  </doorOrWindow>
  <doorOrWindow level='level0' catalogId='eTeks#fixedWindow85x123' name='Fixed window' creator='eTeks' model='1' x='624.83997' y='243.84' elevation='60.96' angle='4.712389' width='60.96' depth='30.48075' height='182.88' modelSize='2198' movable='false' cutOutShape='M0,0 v1 h1 v-1 z' wallCutOutOnBothSides='true'>
    <texture name='dark-walnut-wood' width='213.35999' height='213.35997' image='2'/>
  </doorOrWindow>
  <doorOrWindow level='level0' catalogId='eTeks#fixedWindow85x123' name='Fixed window' creator='eTeks' model='1' x='867.64886' y='1008.26495' elevation='152.4' angle='3.1415927' width='60.96' depth='60.96075' height='60.96' modelSize='2198' movable='false' cutOutShape='M0,0 v1 h1 v-1 z' wallCutOutOnBothSides='true'>
    <texture name='dark-walnut-wood' width='213.35999' height='213.35997' image='2'/>
  </doorOrWindow>
  <doorOrWindow level='level0' catalogId='eTeks#fixedWindow85x123' name='Fixed window' creator='eTeks' model='1' x='1096.3966' y='1006.03613' elevation='152.4' angle='3.1415927' width='60.96' depth='60.96075' height='60.96' modelSize='2198' movable='false' cutOutShape='M0,0 v1 h1 v-1 z' wallCutOutOnBothSides='true'>
    <texture name='dark-walnut-wood' width='213.35999' height='213.35997' image='2'/>
  </doorOrWindow>
  <doorOrWindow level='level0' catalogId='eTeks#openDoor' name='Open door' creator='eTeks' model='4' x='1401.613' y='706.2439' angle='3.1415927' width='91.44' depth='67.945' height='213.36' modelSize='13917' movable='false' cutOutShape='M0,0 v1 h1 v-1 z' wallCutOutOnBothSides='true'>
    <texture name='dark-walnut-wood' width='213.35999' height='213.35997' image='2'/>
  </doorOrWindow>
  <doorOrWindow level='level0' catalogId='eTeks#fixedWindow85x123' name='Fixed window' creator='eTeks' model='1' x='1492.4652' y='541.49384' elevation='121.92' angle='1.5707964' width='121.92' depth='60.96075' height='121.92' modelSize='2198' movable='false' cutOutShape='M0,0 v1 h1 v-1 z' wallCutOutOnBothSides='true'>
    <texture name='dark-walnut-wood' width='213.35999' height='213.35997' image='2'/>
  </doorOrWindow>
  <doorOrWindow level='level0' catalogId='eTeks#fixedWindow85x123' name='Fixed window' creator='eTeks' model='1' x='1492.4652' y='168.32224' elevation='121.92' angle='1.5707964' width='121.92' depth='60.96075' height='121.92' modelSize='2198' movable='false' cutOutShape='M0,0 v1 h1 v-1 z' wallCutOutOnBothSides='true'>
    <texture name='dark-walnut-wood' width='213.35999' height='213.35997' image='2'/>
  </doorOrWindow>
  <doorOrWindow level='level0' catalogId='eTeks#fixedWindow85x123' name='Fixed window' creator='eTeks' model='1' x='1279.3772' y='-30.283916' elevation='121.92' width='121.92' depth='60.96075' height='121.92' modelSize='2198' movable='false' cutOutShape='M0,0 v1 h1 v-1 z' wallCutOutOnBothSides='true'>
    <texture name='dark-walnut-wood' width='213.35999' height='213.35997' image='2'/>
  </doorOrWindow>
  <doorOrWindow level='level0' catalogId='eTeks#fixedWindow85x123' name='Fixed window' creator='eTeks' model='1' x='800.20764' y='-30.283916' elevation='121.92' width='121.92' depth='60.96075' height='121.92' modelSize='2198' movable='false' cutOutShape='M0,0 v1 h1 v-1 z' wallCutOutOnBothSides='true'>
    <texture name='dark-walnut-wood' width='213.35999' height='213.35997' image='2'/>
  </doorOrWindow>
  <doorOrWindow level='level0' catalogId='eTeks#openDoor' name='Open door' creator='eTeks' model='4' x='548.5394' y='28.49849' width='101.6' depth='75.494446' height='213.36' modelSize='13917' movable='false' cutOutShape='M0,0 v1 h1 v-1 z' wallCutOutOnBothSides='true'>
    <texture name='dark-walnut-wood' width='213.35999' height='213.35997' image='2'/>
  </doorOrWindow>
  <doorOrWindow level='level0' catalogId='eTeks#fixedWindow85x123' name='Fixed window' creator='eTeks' model='1' x='228.59999' y='-30.283916' elevation='182.88' width='243.84' depth='60.96075' height='60.96' modelSize='2198' movable='false' cutOutShape='M0,0 v1 h1 v-1 z' wallCutOutOnBothSides='true'>
    <texture name='dark-walnut-wood' width='213.35999' height='213.35997' image='2'/>
  </doorOrWindow>
  <doorOrWindow level='level0' catalogId='eTeks#fixedWindow85x123' name='Fixed window' creator='eTeks' model='1' x='-28.721546' y='243.84' elevation='91.44' angle='4.712389' width='213.36' depth='60.96075' height='152.4' modelSize='2198' movable='false' cutOutShape='M0,0 v1 h1 v-1 z' wallCutOutOnBothSides='true'>
    <texture name='dark-walnut-wood' width='213.35999' height='213.35997' image='2'/>
  </doorOrWindow>
  <doorOrWindow level='level0' catalogId='eTeks#fixedWindow85x123' name='Fixed window' creator='eTeks' model='1' x='-28.721546' y='731.52' elevation='91.44' angle='4.712389' width='213.36' depth='60.96075' height='152.4' modelSize='2198' movable='false' cutOutShape='M0,0 v1 h1 v-1 z' wallCutOutOnBothSides='true'>
    <texture name='dark-walnut-wood' width='213.35999' height='213.35997' image='2'/>
  </doorOrWindow>
  <doorOrWindow level='level0' catalogId='eTeks#fixedWindow85x123' name='Fixed window' creator='eTeks' model='1' x='243.89699' y='1006.0361' elevation='152.4' angle='1.7484555E-7' width='243.84' depth='60.96075' height='60.96' modelSize='2198' movable='false' cutOutShape='M0,0 v1 h1 v-1 z' wallCutOutOnBothSides='true'>
    <texture name='dark-walnut-wood' width='213.35999' height='213.35997' image='2'/>
  </doorOrWindow>
  <doorOrWindow level='level0' catalogId='eTeks#doorFrame' name='Door frame' creator='eTeks' model='6' x='594.36' y='1006.13763' angle='1.7484555E-7' width='213.36' depth='77.419945' height='213.36' modelSize='1281' movable='false' cutOutShape='M0,0 v1 h1 v-1 z' wallCutOutOnBothSides='true'>
    <texture name='dark-walnut-wood' width='213.35999' height='213.35997' image='2'/>
  </doorOrWindow>
  <doorOrWindow level='level0' catalogId='eTeks#openDoor' name='Open door' creator='eTeks' model='4' x='883.9199' y='706.2439' angle='3.1415927' width='91.44' depth='67.945' height='213.36' modelSize='13917' movable='false' cutOutShape='M0,0 v1 h1 v-1 z' wallCutOutOnBothSides='true'>
    <texture name='dark-walnut-wood' width='213.35999' height='213.35997' image='2'/>
  </doorOrWindow>
  <doorOrWindow level='level0' catalogId='eTeks#openDoor' name='Open door' creator='eTeks' model='4' x='1036.4341' y='706.2439' angle='3.1415927' width='91.44' depth='67.945' height='213.36' modelMirrored='true' modelSize='13917' movable='false' cutOutShape='M0,0 v1 h1 v-1 z' wallCutOutOnBothSides='true'>
    <texture name='dark-walnut-wood' width='213.35999' height='213.35997' image='2'/>
  </doorOrWindow>
  <doorOrWindow level='level0' catalogId='eTeks#openDoor' name='Open door' creator='eTeks' model='4' x='1031.24' y='391.46075' width='91.44' depth='67.945' height='213.36' modelSize='13917' movable='false' cutOutShape='M0,0 v1 h1 v-1 z' wallCutOutOnBothSides='true'>
    <texture name='dark-walnut-wood' width='213.35999' height='213.35997' image='2'/>
  </doorOrWindow>
  <doorOrWindow level='level0' catalogId='eTeks#openDoor' name='Open door' creator='eTeks' model='4' x='1137.9922' y='289.67398' angle='4.712389' width='91.44' depth='67.945' height='213.36' modelSize='13917' movable='false' cutOutShape='M0,0 v1 h1 v-1 z' wallCutOutOnBothSides='true'>
    <texture name='dark-walnut-wood' width='213.35999' height='213.35997' image='2'/>
  </doorOrWindow>
  <doorOrWindow level='level0' catalogId='eTeks#openDoor' name='Open door' creator='eTeks' model='4' x='904.2399' y='188.08395' angle='3.1415927' width='91.44' depth='67.945' height='213.36' modelSize='13917' movable='false' cutOutShape='M0,0 v1 h1 v-1 z' wallCutOutOnBothSides='true'>
    <texture name='dark-walnut-wood' width='213.35999' height='213.35997' image='2'/>
  </doorOrWindow>
  <doorOrWindow level='level0' catalogId='eTeks#fixedWindow85x123' name='Fixed window' creator='eTeks' model='1' x='137.16' y='1006.0361' elevation='304.8' angle='1.7484555E-7' width='243.84' depth='60.96075' height='60.96' modelSize='2198' movable='false' cutOutShape='M0,0 v1 h1 v-1 z' wallCutOutOnBothSides='true'>
    <texture name='dark-walnut-wood' width='213.35999' height='213.35997' image='2'/>
  </doorOrWindow>
  <doorOrWindow level='level0' catalogId='eTeks#fixedWindow85x123' name='Fixed window' creator='eTeks' model='1' x='624.83997' y='1006.03613' elevation='304.8' angle='3.1415927' width='243.84' depth='60.96075' height='60.96' modelSize='2198' movable='false' cutOutShape='M0,0 v1 h1 v-1 z' wallCutOutOnBothSides='true'>
    <texture name='dark-walnut-wood' width='213.35999' height='213.35997' image='2'/>
  </doorOrWindow>
  <doorOrWindow level='level0' catalogId='eTeks#fixedWindow85x123' name='Fixed window' creator='eTeks' model='1' x='867.7274' y='1006.03613' elevation='304.8' angle='3.1415927' width='60.96' depth='60.96075' height='60.96' modelSize='2198' movable='false' cutOutShape='M0,0 v1 h1 v-1 z' wallCutOutOnBothSides='true'>
    <texture name='dark-walnut-wood' width='213.35999' height='213.35997' image='2'/>
  </doorOrWindow>
  <doorOrWindow level='level0' catalogId='eTeks#fixedWindow85x123' name='Fixed window' creator='eTeks' model='1' x='1096.3275' y='1006.03613' elevation='304.8' angle='3.1415927' width='60.96' depth='60.96075' height='60.96' modelSize='2198' movable='false' cutOutShape='M0,0 v1 h1 v-1 z' wallCutOutOnBothSides='true'>
    <texture name='dark-walnut-wood' width='213.35999' height='213.35997' image='2'/>
  </doorOrWindow>
  <pieceOfFurniture level='level0' name='Red Roof' model='8/red-roof.obj' x='731.52' y='487.68' elevation='304.8' width='1706.88' depth='1219.2' height='147.31999' modelSize='214281'>
    <texture name='Wood Planks' width='243.84' height='243.84' image='9'/>
  </pieceOfFurniture>
  <wall id='wall0' level='level0' wallAtStart='wall7' wallAtEnd='wall1' xStart='1492.4652' yStart='-30.283916' xEnd='1492.4652' yEnd='762.19604' height='304.8' heightAtEnd='381.0' thickness='60.96' pattern='hatchUp'>
    <texture attribute='leftSideTexture' name='Rammed-Earth-Texture' width='1219.2' height='306.88977' image='11'/>
    <texture attribute='rightSideTexture' name='Rammed-Earth-Texture' width='1219.2' height='306.88977' image='11'/>
  </wall>
  <wall id='wall1' level='level0' wallAtStart='wall0' wallAtEnd='wall2' xStart='1492.4652' yStart='762.19604' xEnd='1248.6252' yEnd='762.19604' height='381.0' thickness='60.96' pattern='hatchUp'>
    <texture attribute='leftSideTexture' name='Rammed-Earth-Texture' width='1219.2' height='306.88977' image='11'/>
    <texture attribute='rightSideTexture' name='Rammed-Earth-Texture' width='1219.2' height='306.88977' image='11'/>
  </wall>
  <wall id='wall2' level='level0' wallAtStart='wall1' wallAtEnd='wall3' xStart='1248.6252' yStart='762.19604' xEnd='1248.6252' yEnd='1006.0361' height='381.0' heightAtEnd='419.09998' thickness='60.96' pattern='hatchUp'>
    <texture attribute='leftSideTexture' name='Rammed-Earth-Texture' width='1219.2' height='306.88977' image='11'/>
    <texture attribute='rightSideTexture' name='Rammed-Earth-Texture' width='1219.2' height='306.88977' image='11'/>
  </wall>
  <wall id='wall3' level='level0' wallAtStart='wall2' wallAtEnd='wall4' xStart='1248.6252' yStart='1006.0361' xEnd='-28.721546' yEnd='1006.0361' height='419.09998' thickness='60.96' pattern='hatchUp'>
    <texture attribute='leftSideTexture' name='Rammed-Earth-Texture' width='1219.2' height='306.88977' image='11'/>
    <texture attribute='rightSideTexture' name='Rammed-Earth-Texture' width='1219.2' height='306.88977' image='11'/>
  </wall>
  <wall id='wall4' level='level0' wallAtStart='wall3' wallAtEnd='wall6' xStart='-28.721546' yStart='1006.0361' xEnd='-28.721546' yEnd='-30.283916' height='419.09998' heightAtEnd='304.8' thickness='60.96' pattern='hatchUp'>
    <texture attribute='leftSideTexture' name='Rammed-Earth-Texture' width='1219.2' height='306.88977' image='11'/>
    <texture attribute='rightSideTexture' name='Rammed-Earth-Texture' width='1219.2' height='306.88977' image='11'/>
  </wall>
  <wall id='wall5' level='level0' xStart='472.43997' yStart='0.0' xEnd='472.43997' yEnd='487.68005' height='304.8' heightAtEnd='332.74' thickness='30.48' pattern='hatchUp'>
    <texture attribute='leftSideTexture' name='Rammed-Earth-Texture' width='1219.2' height='306.88977' image='11'/>
    <texture attribute='rightSideTexture' name='Rammed-Earth-Texture' width='1219.2' height='306.88977' image='11'/>
  </wall>
  <wall id='wall6' level='level0' wallAtStart='wall4' wallAtEnd='wall7' xStart='-28.721546' yStart='-30.283916' xEnd='457.85626' yEnd='-30.283916' height='304.8' thickness='60.96' pattern='hatchUp'>
    <texture attribute='leftSideTexture' name='Rammed-Earth-Texture' width='1219.2' height='306.88977' image='11'/>
    <texture attribute='rightSideTexture' name='Rammed-Earth-Texture' width='1219.2' height='306.88977' image='11'/>
  </wall>
  <wall id='wall7' level='level0' wallAtStart='wall6' wallAtEnd='wall0' xStart='457.85626' yStart='-30.283916' xEnd='1492.4652' yEnd='-30.283916' height='304.8' thickness='60.96' pattern='hatchUp'>
    <texture attribute='leftSideTexture' name='Rammed-Earth-Texture' width='1219.2' height='306.88977' image='11'/>
    <texture attribute='rightSideTexture' name='Rammed-Earth-Texture' width='1219.2' height='306.88977' image='11'/>
  </wall>
  <wall id='wall8' level='level0' wallAtEnd='wall9' xStart='975.36' yStart='0.19608307' xEnd='975.36' yEnd='228.79607' height='304.8' thickness='30.48' pattern='hatchUp'>
    <texture attribute='leftSideTexture' name='Rammed-Earth-Texture' width='1219.2' height='306.88977' image='11'/>
    <texture attribute='rightSideTexture' name='Rammed-Earth-Texture' width='1219.2' height='306.88977' image='11'/>
  </wall>
  <wall id='wall9' level='level0' wallAtStart='wall8' wallAtEnd='wall10' xStart='975.36' yStart='228.79607' xEnd='838.19995' yEnd='228.79607' height='304.8' thickness='30.48' pattern='hatchUp'>
    <texture attribute='leftSideTexture' name='Rammed-Earth-Texture' width='1219.2' height='306.88977' image='11'/>
    <texture attribute='rightSideTexture' name='Rammed-Earth-Texture' width='1219.2' height='306.88977' image='11'/>
  </wall>
  <wall id='wall10' level='level0' wallAtStart='wall9' wallAtEnd='wall11' xStart='838.19995' yStart='228.79607' xEnd='838.19995' yEnd='320.23605' height='304.8' thickness='30.48' pattern='hatchUp'>
    <texture attribute='leftSideTexture' name='Rammed-Earth-Texture' width='1219.2' height='306.88977' image='11'/>
    <texture attribute='rightSideTexture' name='Rammed-Earth-Texture' width='1219.2' height='306.88977' image='11'/>
  </wall>
  <wall id='wall11' level='level0' wallAtStart='wall10' wallAtEnd='wall12' xStart='838.19995' yStart='320.23605' xEnd='624.83997' yEnd='320.23605' height='304.8' thickness='30.48' pattern='hatchUp'>
    <texture attribute='leftSideTexture' name='Rammed-Earth-Texture' width='1219.2' height='306.88977' image='11'/>
    <texture attribute='rightSideTexture' name='Rammed-Earth-Texture' width='1219.2' height='306.88977' image='11'/>
  </wall>
  <wall id='wall12' level='level0' wallAtStart='wall11' xStart='624.83997' yStart='320.23605' xEnd='624.83997' yEnd='0.19608307' height='304.8' thickness='30.48' pattern='hatchUp'>
    <texture attribute='leftSideTexture' name='Rammed-Earth-Texture' width='1219.2' height='306.88977' image='11'/>
    <texture attribute='rightSideTexture' name='Rammed-Earth-Texture' width='1219.2' height='306.88977' image='11'/>
  </wall>
  <wall id='wall13' level='level0' wallAtEnd='wall14' xStart='1461.9852' yStart='350.74863' xEnd='1097.28' yEnd='350.71603' height='304.8' thickness='30.48' pattern='hatchUp'>
    <texture attribute='leftSideTexture' name='Rammed-Earth-Texture' width='1219.2' height='306.88977' image='11'/>
    <texture attribute='rightSideTexture' name='Rammed-Earth-Texture' width='1219.2' height='306.88977' image='11'/>
  </wall>
  <wall id='wall14' level='level0' wallAtStart='wall13' wallAtEnd='wall15' xStart='1097.28' yStart='350.71603' xEnd='1097.28' yEnd='228.79607' height='304.8' thickness='30.48' pattern='hatchUp'>
    <texture attribute='leftSideTexture' name='Rammed-Earth-Texture' width='1219.2' height='306.88977' image='11'/>
    <texture attribute='rightSideTexture' name='Rammed-Earth-Texture' width='1219.2' height='306.88977' image='11'/>
  </wall>
  <wall id='wall15' level='level0' wallAtStart='wall14' xStart='1097.28' yStart='228.79607' xEnd='990.6' yEnd='228.79607' height='304.8' thickness='30.48' pattern='hatchUp'>
    <texture attribute='leftSideTexture' name='Rammed-Earth-Texture' width='1219.2' height='306.88977' image='11'/>
    <texture attribute='rightSideTexture' name='Rammed-Earth-Texture' width='1219.2' height='306.88977' image='11'/>
  </wall>
  <wall id='wall16' level='level0' wallAtEnd='wall17' xStart='1218.1453' yStart='746.95605' xEnd='959.0639' yEnd='746.95605' height='381.0' thickness='30.48' pattern='hatchUp'>
    <texture attribute='leftSideTexture' name='Rammed-Earth-Texture' width='1219.2' height='306.88977' image='11'/>
    <texture attribute='rightSideTexture' name='Rammed-Earth-Texture' width='1219.2' height='306.88977' image='11'/>
  </wall>
  <wall id='wall17' level='level0' wallAtStart='wall16' wallAtEnd='wall18' xStart='959.0639' yStart='746.95605' xEnd='959.0639' yEnd='350.74863' height='381.0' heightAtEnd='304.8' thickness='30.48' pattern='hatchUp'>
    <texture attribute='leftSideTexture' name='Rammed-Earth-Texture' width='1219.2' height='306.88977' image='11'/>
    <texture attribute='rightSideTexture' name='Rammed-Earth-Texture' width='1219.2' height='306.88977' image='11'/>
  </wall>
  <wall id='wall18' level='level0' wallAtStart='wall17' xStart='959.0639' yStart='350.74863' xEnd='1082.04' yEnd='350.74863' height='304.8' thickness='30.48' pattern='hatchUp'>
    <texture attribute='leftSideTexture' name='Rammed-Earth-Texture' width='1219.2' height='306.88977' image='11'/>
    <texture attribute='rightSideTexture' name='Rammed-Earth-Texture' width='1219.2' height='306.88977' image='11'/>
  </wall>
  <wall id='wall19' level='level0' xStart='959.0639' yStart='975.5561' xEnd='959.0639' yEnd='762.19604' height='419.09998' heightAtEnd='381.0' thickness='30.48' pattern='hatchUp'>
    <texture attribute='leftSideTexture' name='Rammed-Earth-Texture' width='1219.2' height='306.88977' image='11'/>
    <texture attribute='rightSideTexture' name='Rammed-Earth-Texture' width='1219.2' height='306.88977' image='11'/>
  </wall>
  <wall id='wall20' level='level0' wallAtEnd='wall21' xStart='776.18396' yStart='975.5561' xEnd='776.18396' yEnd='746.95605' height='419.09998' heightAtEnd='381.0' thickness='30.48' pattern='hatchUp'>
    <texture attribute='leftSideTexture' name='Rammed-Earth-Texture' width='1219.2' height='306.88977' image='11'/>
    <texture attribute='rightSideTexture' name='Rammed-Earth-Texture' width='1219.2' height='306.88977' image='11'/>
  </wall>
  <wall id='wall21' level='level0' wallAtStart='wall20' xStart='776.18396' yStart='746.95605' xEnd='943.8239' yEnd='746.95605' height='381.0' thickness='30.48' pattern='hatchUp'>
    <texture attribute='leftSideTexture' name='Rammed-Earth-Texture' width='1219.2' height='306.88977' image='11'/>
    <texture attribute='rightSideTexture' name='Rammed-Earth-Texture' width='1219.2' height='306.88977' image='11'/>
  </wall>
  <room level='level0' areaVisible='true'>
    <texture attribute='floorTexture' name='Cork' width='243.84' height='243.84' image='10'/>
    <texture attribute='ceilingTexture' name='wood-planks' width='243.84' height='243.84' image='9'/>
    <point x='457.19998' y='0.19608307'/>
    <point x='457.19998' y='487.68005'/>
    <point x='1.7584534' y='487.68008'/>
    <point x='1.7584534' y='0.19608307'/>
  </room>
  <room level='level0' areaVisible='true'>
    <texture attribute='floorTexture' name='Cork' width='243.84' height='243.84' image='10'/>
    <texture attribute='ceilingTexture' name='wood-planks' width='243.84' height='243.84' image='9'/>
    <point x='640.07996' y='0.19608307'/>
    <point x='640.07996' y='304.99606'/>
    <point x='822.95996' y='304.99606'/>
    <point x='822.95996' y='213.55606'/>
    <point x='960.12' y='213.55606'/>
    <point x='960.12' y='0.19608307'/>
  </room>
  <room level='level0' areaVisible='true'>
    <texture attribute='floorTexture' name='Cork' width='243.84' height='243.84' image='10'/>
    <texture attribute='ceilingTexture' name='wood-planks' width='243.84' height='243.84' image='9'/>
    <point x='609.6' y='0.19608307'/>
    <point x='487.67996' y='0.19608307'/>
    <point x='487.67996' y='335.47604'/>
    <point x='609.6' y='335.47604'/>
  </room>
  <room level='level0' areaVisible='true'>
    <texture attribute='floorTexture' name='Cork' width='243.84' height='243.84' image='10'/>
    <texture attribute='ceilingTexture' name='wood-planks' width='243.84' height='243.84' image='9'/>
    <point x='990.6' y='0.19608307'/>
    <point x='990.6' y='213.55606'/>
    <point x='1112.52' y='213.55606'/>
    <point x='1112.52' y='335.47604'/>
    <point x='1462.177' y='335.47604'/>
    <point x='1461.9852' y='0.19608307'/>
  </room>
  <room level='level0' areaVisible='true'>
    <texture attribute='floorTexture' name='Cork' width='243.84' height='243.84' image='10'/>
    <texture attribute='ceilingTexture' name='wood-planks' width='243.84' height='243.84' image='9'/>
    <point x='853.43994' y='335.47604'/>
    <point x='853.43994' y='244.03607'/>
    <point x='1082.04' y='244.03607'/>
    <point x='1082.04' y='335.47742'/>
  </room>
  <room level='level0' areaVisible='true'>
    <texture attribute='floorTexture' name='Cork' width='243.84' height='243.84' image='10'/>
    <texture attribute='ceilingTexture' name='wood-planks' width='243.84' height='243.84' image='9'/>
    <point x='1461.9839' y='365.98862'/>
    <point x='974.3039' y='365.98862'/>
    <point x='974.3039' y='731.71606'/>
    <point x='1461.9852' y='731.71606'/>
  </room>
  <room level='level0' areaVisible='true'>
    <texture attribute='floorTexture' name='Cork' width='243.84' height='243.84' image='10'/>
    <texture attribute='ceilingTexture' name='wood-planks' width='243.84' height='243.84' image='9'/>
    <point x='1218.1453' y='762.19604'/>
    <point x='974.3039' y='762.19604'/>
    <point x='974.3039' y='975.5561'/>
    <point x='1218.3369' y='975.5561'/>
  </room>
  <room level='level0' areaVisible='true'>
    <texture attribute='floorTexture' name='Cork' width='243.84' height='243.84' image='10'/>
    <texture attribute='ceilingTexture' name='wood-planks' width='243.84' height='243.84' image='9'/>
    <point x='943.8239' y='975.5561'/>
    <point x='943.8239' y='762.19604'/>
    <point x='791.42395' y='762.19604'/>
    <point x='791.42395' y='975.5561'/>
  </room>
  <room level='level0' areaVisible='true'>
    <texture attribute='floorTexture' name='Cork' width='243.84' height='243.84' image='10'/>
    <texture attribute='ceilingTexture' name='wood-planks' width='243.84' height='243.84' image='9'/>
    <point x='1.7584534' y='975.5561'/>
    <point x='1.7584534' y='487.68008'/>
    <point x='487.67996' y='487.68005'/>
    <point x='487.67993' y='975.5561'/>
  </room>
  <room level='level0' areaVisible='true'>
    <texture attribute='floorTexture' name='Cork' width='243.84' height='243.84' image='10'/>
    <texture attribute='ceilingTexture' name='wood-planks' width='243.84' height='243.84' image='9'/>
    <point x='487.67996' y='335.47604'/>
    <point x='487.67993' y='975.5561'/>
    <point x='760.944' y='975.5561'/>
    <point x='760.944' y='731.71606'/>
    <point x='943.8239' y='731.71606'/>
    <point x='943.8239' y='335.50864'/>
  </room>
</home>